Ref,Val,Package,PosX,PosY,Rot,Side
"C2","10u 50V","C_1206_3216Metric",105.850000,-115.550000,90.000000,bottom
"C4","22u 10V","C_0805_2012Metric",108.850000,-103.050000,0.000000,bottom
"C8","100n","C_0402_1005Metric",114.800000,-117.250000,0.000000,bottom
"C17","1u","C_0402_1005Metric",113.300000,-120.000000,0.000000,bottom
"C18","100n","C_0402_1005Metric",114.800000,-118.750000,0.000000,bottom
"C21","100n","C_0402_1005Metric",114.800000,-115.750000,0.000000,bottom
"C22","100n","C_0402_1005Metric",116.950000,-120.850000,90.000000,bottom
"C23","100n","C_0402_1005Metric",115.400000,-120.400000,0.000000,bottom
"C24","100n","C_0402_1005Metric",119.050000,-120.850000,90.000000,bottom
"C25","2.2u","C_0402_1005Metric",115.850000,-122.000000,90.000000,bottom
"C26","100n","C_0402_1005Metric",132.750000,-128.650000,0.000000,bottom
"C27","100n","C_0402_1005Metric",121.200000,-124.800000,0.000000,bottom
"D2","SMAJ28A","D_SMA",108.500000,-126.500000,90.000000,bottom
"D5","SS34","D_SMA",127.500000,-105.000000,90.000000,bottom
"FB2","600R@100MHz","L_0603_1608Metric",120.300000,-123.450000,0.000000,bottom
"R4","1k","R_0402_1005Metric",112.800000,-117.250000,0.000000,bottom
"R5","10k","R_0402_1005Metric",131.650000,-116.650000,0.000000,bottom
"R10","10k","R_0402_1005Metric",122.050000,-129.100000,0.000000,bottom
"SW1","BOOT","SW_SPST_TL3342",127.000000,-113.000000,0.000000,bottom
"U4","ICM-20602","LGA-16_3x3mm_P0.5mm_LayoutBorder3x5y",118.000000,-118.000000,0.000000,bottom
"U6","W25Q128JV","SOIC-8_5.23x5.23mm_P1.27mm",127.000000,-125.500000,0.000000,bottom
"U7","USBLC6-2SC6","SOT-23-6",119.500000,-104.500000,0.000000,bottom
"C1","10u 50V","C_1206_3216Metric",102.350000,-117.100000,90.000000,top
"C3","10n","C_0402_1005Metric",103.000000,-123.250000,90.000000,top
"C5","22u 10V","C_0805_2012Metric",108.700000,-108.000000,0.000000,top
"C6","1u","C_0402_1005Metric",107.900000,-106.400000,0.000000,top
"C7","4.7u","C_0603_1608Metric",112.400000,-101.350000,0.000000,top
"C10","100n","C_0402_1005Metric",124.900000,-124.400000,90.000000,top
"C11","100n","C_0402_1005Metric",127.450000,-109.150000,0.000000,top
"C12","100n","C_0402_1005Metric",117.100000,-124.300000,90.000000,top
"C13","100n","C_0402_1005Metric",112.600000,-109.350000,0.000000,top
"C14","4.7u","C_0603_1608Metric",113.200000,-107.250000,90.000000,top
"C15","2.2u","C_0402_1005Metric",123.600000,-124.350000,90.000000,top
"C16","2.2u","C_0402_1005Metric",128.450000,-116.100000,0.000000,top
"C19","18p","C_0402_1005Metric",112.300000,-115.350000,0.000000,top
"C20","18p","C_0402_1005Metric",112.200000,-110.600000,0.000000,top
"D1","B340A","D_SMA",112.000000,-119.500000,90.000000,top
"D3","blue","LED_0603_1608Metric",124.050000,-108.650000,0.000000,top
"D4","green","LED_0603_1608Metric",124.900000,-126.300000,0.000000,top
"FB1","600R@100MHz","L_0603_1608Metric",127.450000,-124.850000,90.000000,top
"J2","USB-C","USB_C_Receptacle_GCT_USB4105-xx-A_16P_TopMnt_Horizontal",119.500000,-102.500000,180.000000,top
"J3","ESC","JST_SH_SM08B-SRSS-TB_1x08-1MP_P1.00mm_Horizontal",123.500000,-132.500000,0.000000,top
"J4","RX","JST_SH_SM04B-SRSS-TB_1x04-1MP_P1.00mm_Horizontal",103.500000,-110.500000,-90.000000,top
"J5","VTX","JST_SH_SM04B-SRSS-TB_1x04-1MP_P1.00mm_Horizontal",132.500000,-111.500000,90.000000,top
"L1","15u","L_Bourns_SRP7028A_7.3x6.6mm",111.000000,-127.000000,0.000000,top
"R1","9.31k","R_0402_1005Metric",104.700000,-124.600000,90.000000,top
"R2","3.01k","R_0402_1005Metric",105.900000,-124.400000,90.000000,top
"R3","10k","R_0402_1005Metric",105.900000,-128.450000,90.000000,top
"R6","1k","R_0402_1005Metric",120.550000,-108.650000,90.000000,top
"R7","1k","R_0402_1005Metric",126.000000,-124.350000,90.000000,top
"R8","4.7k","R_0402_1005Metric",128.700000,-102.050000,0.000000,top
"R9","4.7k","R_0402_1005Metric",127.150000,-101.600000,90.000000,top
"R11","5.1k","R_0402_1005Metric",121.800000,-108.450000,90.000000,top
"R12","5.1k","R_0402_1005Metric",117.100000,-108.550000,90.000000,top
"U1","TPS5430","TI_SO-PowerPAD-8_ThermalVias",106.500000,-119.500000,90.000000,top
"U2","AP2112K-3.3","SOT-23-5",110.000000,-104.000000,0.000000,top
"U3","STM32F405RGT6","LQFP-64_10x10mm_P0.5mm",120.500000,-116.500000,0.000000,top
"U5","BMP280","Bosch_LGA-8_2x2.5mm_P0.65mm_ClockwisePinNumbering",127.500000,-104.000000,0.000000,top
"Y1","8MHz","Crystal_SMD_3225-4Pin_3.2x2.5mm",110.500000,-113.000000,0.000000,top
