Designator,Mid X,Mid Y,Layer,Rotation
C1,102.3500mm,-117.1000mm,Top,90
C2,105.8500mm,-115.5500mm,Bottom,90
C3,103.0000mm,-123.2500mm,Top,90
C4,108.8500mm,-103.0500mm,Bottom,0
C5,108.7000mm,-108.0000mm,Top,0
C6,107.9000mm,-106.4000mm,Top,0
C7,112.4000mm,-101.3500mm,Top,0
C8,114.8000mm,-117.2500mm,Bottom,0
C10,124.9000mm,-124.4000mm,Top,90
C11,127.4500mm,-109.1500mm,Top,0
C12,117.1000mm,-124.3000mm,Top,90
C13,112.6000mm,-109.3500mm,Top,0
C14,113.2000mm,-107.2500mm,Top,90
C15,123.6000mm,-124.3500mm,Top,90
C16,128.4500mm,-116.1000mm,Top,0
C17,113.3000mm,-120.0000mm,Bottom,0
C18,114.8000mm,-118.7500mm,Bottom,0
C19,112.3000mm,-115.3500mm,Top,0
C20,112.2000mm,-110.6000mm,Top,0
C21,114.8000mm,-115.7500mm,Bottom,0
C22,116.9500mm,-120.8500mm,Bottom,90
C23,115.4000mm,-120.4000mm,Bottom,0
C24,119.0500mm,-120.8500mm,Bottom,90
C25,115.8500mm,-122.0000mm,Bottom,90
C26,132.7500mm,-128.6500mm,Bottom,0
C27,121.2000mm,-124.8000mm,Bottom,0
D1,112.0000mm,-119.5000mm,Top,90
D2,108.5000mm,-126.5000mm,Bottom,90
D3,124.0500mm,-108.6500mm,Top,0
D4,124.9000mm,-126.3000mm,Top,0
D5,127.5000mm,-105.0000mm,Bottom,90
FB1,127.4500mm,-124.8500mm,Top,90
FB2,120.3000mm,-123.4500mm,Bottom,0
H1,102.7500mm,-102.7500mm,Top,0
H2,133.2500mm,-102.7500mm,Top,0
H3,133.2500mm,-133.2500mm,Top,0
H4,102.7500mm,-133.2500mm,Top,0
J1,108.5000mm,-133.0000mm,Top,0
J2,119.5000mm,-102.5000mm,Top,180
J3,123.5000mm,-132.5000mm,Top,0
J4,103.5000mm,-110.5000mm,Top,270
J5,132.5000mm,-111.5000mm,Top,90
J6,134.0000mm,-121.0000mm,Top,0
L1,111.0000mm,-127.0000mm,Top,0
R1,104.7000mm,-124.6000mm,Top,90
R2,105.9000mm,-124.4000mm,Top,90
R3,105.9000mm,-128.4500mm,Top,90
R4,112.8000mm,-117.2500mm,Bottom,0
R5,131.6500mm,-116.6500mm,Bottom,0
R6,120.5500mm,-108.6500mm,Top,90
R7,126.0000mm,-124.3500mm,Top,90
R8,128.7000mm,-102.0500mm,Top,0
R9,127.1500mm,-101.6000mm,Top,90
R10,122.0500mm,-129.1000mm,Bottom,0
R11,121.8000mm,-108.4500mm,Top,90
R12,117.1000mm,-108.5500mm,Top,90
SW1,127.0000mm,-113.0000mm,Bottom,0
U1,106.5000mm,-119.5000mm,Top,90
U2,110.0000mm,-104.0000mm,Top,0
U3,120.5000mm,-116.5000mm,Top,0
U4,118.0000mm,-118.0000mm,Bottom,0
U5,127.5000mm,-104.0000mm,Top,0
U6,127.0000mm,-125.5000mm,Bottom,0
U7,119.5000mm,-104.5000mm,Bottom,0
Y1,110.5000mm,-113.0000mm,Top,0
