Comment,Designator,Footprint,LCSC Part #
10u 50V,"C1,C2",C_1206_3216Metric,C13585
10n,C3,C_0402_1005Metric,C15195
22u 10V,"C4,C5",C_0805_2012Metric,C45783
1u,"C6,C17",C_0402_1005Metric,C52923
4.7u,"C7,C14",C_0603_1608Metric,C19666
100n,"C8,C10,C11,C12,C13,C18,C21,C22,C23,C24,C26,C27",C_0402_1005Metric,C1525
2.2u,"C15,C16,C25",C_0402_1005Metric,C12530
18p,"C19,C20",C_0402_1005Metric,C1549
B340A,D1,D_SMA,C85098
SMAJ28A,D2,D_SMA,C134977
blue,D3,LED_0603_1608Metric,C2288
green,D4,LED_0603_1608Metric,C12624
SS34,D5,D_SMA,C8678
600R@100MHz,"FB1,FB2",L_0603_1608Metric,C1002
USB-C,J2,USB_C_Receptacle_GCT_USB4105-xx-A_16P_TopMnt_Horizontal,C3020560
ESC,J3,JST_SH_SM08B-SRSS-TB_1x08-1MP_P1.00mm_Horizontal,C160407
RX,J4,JST_SH_SM04B-SRSS-TB_1x04-1MP_P1.00mm_Horizontal,C160404
VTX,J5,JST_SH_SM04B-SRSS-TB_1x04-1MP_P1.00mm_Horizontal,C160404
15u,L1,L_Bourns_SRP7028A_7.3x6.6mm,
9.31k,R1,R_0402_1005Metric,C4174801
3.01k,R2,R_0402_1005Metric,
10k,"R3,R5,R10",R_0402_1005Metric,C25744
1k,"R4,R6,R7",R_0402_1005Metric,C11702
4.7k,"R8,R9",R_0402_1005Metric,C25900
5.1k,"R11,R12",R_0402_1005Metric,C25905
BOOT,SW1,SW_SPST_TL3342,C2886898
TPS5430,U1,TI_SO-PowerPAD-8_ThermalVias,C9864
AP2112K-3.3,U2,SOT-23-5,C51118
STM32F405RGT6,U3,LQFP-64_10x10mm_P0.5mm,C15742
ICM-20602,U4,LGA-16_3x3mm_P0.5mm_LayoutBorder3x5y,C97633
BMP280,U5,Bosch_LGA-8_2x2.5mm_P0.65mm_ClockwisePinNumbering,C83291
W25Q128JV,U6,SOIC-8_5.23x5.23mm_P1.27mm,C97521
USBLC6-2SC6,U7,SOT-23-6,C7519
8MHz,Y1,Crystal_SMD_3225-4Pin_3.2x2.5mm,
